"CategoryString","ImpactString","ResourceType","Label","Description","RecommendationTypeId","ARG_Query","IsMappable","Reason"
"HighAvailability","High","Microsoft.Network/trafficmanagerprofiles","Add Endpoint","For geographic routing, traffic is routed to endpoints in defined regions. When a region fails, there is no pre-defined failover. Having an endpoint where the Regional Grouping is configured to All (World) for geographic profiles avoids traffic black holing and guarantees service availability.","0BBE0A49-3C63-49D3-AB4A-AA24198F03F7","resources
| where type == 'microsoft.network/trafficmanagerprofiles'
| where properties.trafficRoutingMethod =~ ""Geographic""
| extend endpoints = properties.endpoints
| mv-expand endpoint = endpoints
| where endpoint.properties.geoMapping !contains ""WORLD""
| project id, subscriptionId",FALSE,"Uses mv-expand on endpoints array"
"HighAvailability","High","MICROSOFT.NETAPP/NETAPPACCOUNTS/CAPACITYPOOLS/VOLUMES","Configure a snapshot for the Azure NetApp Files volume","Configure a snapshot for the Azure NetApp Files volume. Restore a snapshot to a new volume, restore a single file using a client, or revert an existing volume using a snapshot.","CDA11061-35A8-4CA3-AA03-B242DCDF7319","resources
| where type == ""microsoft.netapp/netappaccounts/capacitypools/volumes""
| where isempty(  properties['dataProtection']['snapshot']['snapshotPolicyId']) and isempty(properties['snapshotId'])
| where properties['provisioningState'] has ""Succeeded""
| project id, subscriptionId",TRUE,""
"HighAvailability","High","MICROSOFT.NETWORK/APPLICATIONGATEWAYS","Application Gateway v1 has been retired. Please migrate to Application Gateway v2.","We announced the deprecation of Application Gateway V1 on April 28, 2023. Starting from April 28, 2026, we are retiring Application Gateway v1 SKU. If you use Application Gateway V1 SKU, start planning your migration to V2 now.","0E19257E-DCEF-4D00-8DE1-5FE1AE0FD948","resources | where type == 'microsoft.network/applicationgateways' | where tolower(properties.sku.tier) in ('standard', 'waf') | project id,subscriptionId",TRUE,""
"OperationalExcellence","High","MICROSOFT.NETWORK/APPLICATIONGATEWAYWEBAPPLICATIONFIREWALLPOLICIES","Upgrade from legacy CRS 2.2.9 rule set to the latest DRS version","Usage of CRS 2.2.9 is no longer supported for new WAF policies. We recommend you upgrade to the latest DRS version. Upgrading to DRS 2.1 or later will migrate WAF to a newer engine with larger scale limits, enhanced performance, better protection and fewer false positive.","AA60B18A-FEAB-4857-8D9A-E4F6A8D3EF0E","resources
| where type =~ ""microsoft.network/applicationgatewaywebapplicationfirewallpolicies""
| mv-expand properties.managedRules.managedRuleSets
| extend RuleType=properties_managedRules_managedRuleSets.ruleSetType, RuleSetVersion=properties_managedRules_managedRuleSets.ruleSetVersion
| where RuleType == ""OWASP"" and RuleSetVersion == ""2.2.9""
| project id, subscriptionId",FALSE,"Uses mv-expand on properties.managedRules.managedRuleSets"
"HighAvailability","High","MICROSOFT.CACHE/REDIS","Configure geo-replication for Cache for Redis instances to increase durability of applications","Geo-Replication enables disaster recovery for cached data, even in the unlikely event of a widespread regional failure. This can be essential for mission-critical applications. We recommend that you configure passive geo-replication for Premium Azure Cache for Redis instances.","C9E4A27C-79E6-4E4C-904F-B6612B6CD892","resources
| where type =~ ""microsoft.cache/redis""
    and properties['sku']['name'] =~ ""premium""
    and array_length(properties['linkedServers']) == 0
    and properties['redisConfiguration']['rdb-backup-enabled'] != ""true""
    and properties['redisConfiguration']['aof-backup-enabled'] != ""true""
    and isempty(properties['redisConfiguration']['zonal-configuration'])
    and isnull(properties['replicasPerPrimary'])
    and isnull(properties['replicasPerMaster'])
| project id, subscriptionId",FALSE,"Uses array_length"
"OperationalExcellence","High","MICROSOFT.NETWORK/APPLICATIONGATEWAYWEBAPPLICATIONFIREWALLPOLICIES","Upgrade to the latest DRS rule set in Application Gateway WAF","WAF rule sets are constantly updated to guard against new attacks. Upgrading to the latest DRS version provides enhanced engine performance, improved protection, and reduced false positives. CRS rule sets are legacy versions, older than DRS; it is recommended to use the latest DRS version (DRS 2.2).","7AAEFE5A-5B88-4790-9A3D-5106722F7C34","resources
| where type =~ ""microsoft.network/applicationgatewaywebapplicationfirewallpolicies""
| extend ruleset1=properties.managedRules.managedRuleSets[0], ruleset2=properties.managedRules.managedRuleSets[1], ruleSetType1=properties.managedRules.managedRuleSets[0].ruleSetType, ruleSetType2=properties.managedRules.managedRuleSets[1].ruleSetType
| where (ruleSetType1 =~ ""OWASP"" and (ruleset1[""ruleSetVersion""] in (""2.2.9"",""3.0"",""3.1"",""3.2""))) or (ruleSetType2 =~ ""OWASP"" and (ruleset2[""ruleSetVersion""] in (""2.2.9"",""3.0"",""3.1"",""3.2"")))
| project id, subscriptionId",TRUE,""
"HighAvailability","High","MICROSOFT.NETWORK/APPLICATIONGATEWAYS","Deploy your Application Gateway across Availability Zones","Achieve zone redundancy by deploying Application Gateway across Availability Zones. Zone redundancy boosts resilience by enabling Application Gateway to survive various outages. Zone redundancy ensures continuity even if one zone is affected and enhances overall reliability.","5C488377-BE3E-4365-92E8-09D1E8D9038C","resources | where type =~ 'microsoft.network/applicationGateways' | where isnull(zones) or array_length(zones) < 2 | project id, subscriptionId",FALSE,"Uses array_length"
"OperationalExcellence","High","MICROSOFT.NETWORK/FRONTDOORWEBAPPLICATIONFIREWALLPOLICIES","Upgrade to the latest DRS rule set in Front Door WAF","WAF rule sets are constantly updated to guard against new attacks. Upgrading to the latest DRS version will provide enhanced engine performance, better protection, and a reduction in false positives. It is recommended to use the latest DRS rule set version.","A1AD465B-8218-40D6-A6CE-4BFFF566A6CD","resources
| where type =~ ""microsoft.network/frontdoorwebapplicationfirewallpolicies""
| extend ruleset1=properties.managedRules.managedRuleSets[0], ruleset2=properties.managedRules.managedRuleSets[1], ruleSetType1=properties.managedRules.managedRuleSets[0].ruleSetType, ruleSetType2=properties.managedRules.managedRuleSets[1].ruleSetType
| where (sku.name !~ ""Classic_AzureFrontDoor"") and (ruleSetType1 =~ ""Microsoft_DefaultRuleSet"" and (ruleset1[""ruleSetVersion""] in (""1.0"",""1.1"",""2.0""))) or (ruleSetType2 =~ ""Microsoft_DefaultRuleSet"" and (ruleset2[""ruleSetVersion""] in (""1.0"",""1.1"",""2.0"")))
| project id, subscriptionId",TRUE,""
"HighAvailability","High","MICROSOFT.COMPUTE/VIRTUALMACHINESCALESETS","Enable Automatic Repair Policy on Azure Virtual Machine Scale Sets","Enabling automatic instance repairs helps achieve high availability by maintaining a set of healthy instances. If an unhealthy instance is found by the Application Health extension or load balancer health probe, automatic instance repairs attempt to recover the instance by triggering repair actions.","B4D988A9-85E6-4179-B69C-549BDD8A55BB","resources
| where type =~ ""microsoft.compute/virtualmachinescalesets""
| where isnotnull(properties.virtualMachineProfile)
| where isnull(properties.automaticRepairsPolicy) or properties.automaticRepairsPolicy.enabled == false
| project subscriptionId,id",TRUE,""
"HighAvailability","High","MICROSOFT.APIMANAGEMENT/SERVICE","Deploy an Azure API Management instance to multiple Azure regions for increased service availability","Azure API Management supports multi-region deployment, which enables API publishers to add regional API gateways to an existing API Management instance. Multi-region deployment helps reduce request latency perceived by geographically distributed API consumers and improves service availability.","2E4D65A3-1E77-4759-BCAA-13009484A97E","resources
| where type == ""microsoft.apimanagement/service""
| where sku.name == ""Premium""
| where isnull(properties['additionalLocations'])
| project id,subscriptionId
",TRUE,""
"OperationalExcellence","High","MICROSOFT.COMPUTE/VIRTUALMACHINES","Enable Trusted Launch foundational excellence, and modern security for Existing Generation 2 VM(s)","Trusted Launch (TL) offers a modern and operational technologies for Azure virtual machines, using Secure Boot, virtual TPM, and guest attestation. This Generation 2 VM(s) have an opportunity to upgrade to Trusted Launch. Ensure this VM(s) has both an image and VM size that it is TL compatible.","DE7DDAC0-29E6-4BFF-A812-519D18184982","resources 
| where type == ""microsoft.compute/virtualmachines""
| extend hyperV = tostring(properties['extended']['instanceView']['hyperVGeneration'])
| extend security_type = tostring(properties['securityProfile']['securityType'])
| where hyperV == ""V2""
| where security_type != ""TrustedLaunch"" 
| where security_type != ""ConfidentialVM"" 
| project id, subscriptionId",FALSE,"properties.extended.instanceView.hyperVGeneration is not in the standard ARM VM GET response"
"HighAvailability","High","MICROSOFT.CONTAINERREGISTRY/REGISTRIES","Use Premium tier for critical production workloads","Premium registries provide the highest amount of included storage, concurrent operations and network bandwidth, enabling high-volume scenarios. The Premium tier also adds features such as geo-replication, availability zone support, content-trust, customer-managed keys and private endpoints.","AF0CDBCE-C610-499B-9BD7-B169CDB1BB2E","resources
| where type =~ ""microsoft.containerregistry/registries""
| where sku.name != ""Premium""
| project id, subscriptionId",TRUE,""
"HighAvailability","High","MICROSOFT.COMPUTE/VIRTUALMACHINES","Migrate workload on A-series or B-series virtual machine (VM) to D-series or better VM","Migrate production workload from A-series or B-series virtual machine (VM) to D-series or better VM. A-series and B-series VMs are designed for entry-level workloads.","7F71B153-C0B7-4E99-A23E-DB8179183EC9","resources | where type == 'microsoft.compute/virtualmachines' | where properties.hardwareProfile.vmSize contains 'Standard_B' or properties.hardwareProfile.vmSize contains 'Standard_A' | project subscriptionId, id",TRUE,""
"HighAvailability","High","MICROSOFT.COMPUTE/VIRTUALMACHINES","Use Azure Capacity Reservation for virtual machine (VM)","Use Azure Capacity Reservation for virtual machine (VM) that runs critical workloads. Azure Capacity Reservations reserve compute capacity in a specific region or availability zone.","1670C0AF-6536-4CBF-872F-152C91A51A80","resources | where type =~ 'Microsoft.Compute/virtualMachines' | where isnull(properties.capacityReservation) | project subscriptionId, id",TRUE,""
"HighAvailability","High","MICROSOFT.COGNITIVESERVICES/ACCOUNTS","Azure QnAMaker is being retired.","Beginning October 1, 2022, you aren't be able to create new QnA Maker resources or knowledge bases. All QnA Maker resources and knowledge bases created before that date are supported until the retirement date.","5046219D-E79F-46BF-A68F-0CCB5166F5FD","resources | where type =~ 'Microsoft.CognitiveServices/accounts' and kind == 'QnAMaker' | project subscriptionId, id",TRUE,""
"HighAvailability","High","MICROSOFT.DOCUMENTDB/DATABASEACCOUNTS","Azure Cosmos DB requires using TLS 1.2 or later","All Cosmos DB database accounts must use Transport Layer Security (TLS) 1.2 or higher","3086BD6C-A257-4577-9401-FA9D1E0CE48A","resources | where type contains 'microsoft.documentdb/databaseaccounts' and (isempty(properties['minimalTlsVersion']) or  properties['minimalTlsVersion'] in ('Tls11','Tls')) | project subscriptionId, id",TRUE,""
"HighAvailability","High","MICROSOFT.DBFORPOSTGRESQL/SERVERS","Support for Azure Database for PostgreSQL Single Server Version 11 is being retired","Migrate your Azure Database for PostgreSQL Single Servers to version 13 or later on Flexible Server","8C4045CC-81F1-4970-AA3F-34D6C0BE1BE8","resources | where type =~ 'microsoft.dbforpostgresql/servers' and properties.version == '11' | project subscriptionId, id",TRUE,""
"HighAvailability","High","MICROSOFT.DBFORPOSTGRESQL/SERVERS","Azure Database for PostgreSQL Single Server is being retired.","Use the migration tool to migrate to Azure Database for PostgreSQL Flexible Server","AEAB15F5-B474-46F5-892E-8D60F874D769","resources | where type =~ 'microsoft.dbforpostgresql/servers' | project subscriptionId, id",TRUE,""
"HighAvailability","High","MICROSOFT.NETAPP/NETAPPACCOUNTS/CAPACITYPOOLS/VOLUMES","End of Support for increase to IP route limit for Basic network features","An Azure NetApp Files volume using Basic network features is subject to an IP route limit of 1600. IP route limits aren't adjustable. To prevent the IP route limit, migrate volumes to Standard network features from Basic network features.","64936C6E-8236-4875-8234-109AB34576FE","resources | where type == ""microsoft.netapp/netappaccounts/capacitypools/volumes"" | where properties['provisioningState'] has ""Succeeded"" or properties['provisioningState'] has ""succeeded""|  where properties['networkFeatures'] has ""Basic"" | project id, subscriptionId",TRUE,""
"OperationalExcellence","High","MICROSOFT.SERVICEBUS/NAMESPACES","Avoid using explicit key versions for customer-managed keys in Service Bus namespace","Avoid using explicit key versions for Key Vault used for customer-managed keys in Service Bus namespaces to enable seamless key rotation, reduce operational overhead, and prevent outages caused by expired or deleted key versions.","8849ACB8-A958-41F3-AF98-DAB43F85BF3C","resources | where type == 'microsoft.servicebus/namespaces' | mv-expand keyVault = properties.encryption.keyVaultProperties | where isnotempty(keyVault.keyVersion) | distinct id, subscriptionId | project id, subscriptionId",FALSE,"Uses mv-expand on properties.encryption.keyVaultProperties"
"HighAvailability","High","MICROSOFT.WEB/SITES","Use Standard or Premium tier","Choose Standard or Premium Azure App Service Plan for robust apps with advanced scaling, high availability, better performance, and multiple slots, ensuring resilience and continuous operation.","DC298556-8232-4AA8-BFE0-5204C5017BE0","resources
| where type =~ 'microsoft.web/serverfarms'
| extend sku_tier = tostring(sku.tier)
| where tolower(sku_tier) !contains ""standard"" and tolower(sku_tier) !contains ""premium"" and tolower(sku_tier) !contains ""isolatedv2""
| project id, subscriptionId",TRUE,""
"HighAvailability","High","MICROSOFT.NETWORK/LOADBALANCERS","Ensure backend pools contain at least two instances","Deploying Azure Load Balancer backend pools with at least two instances prevents a single point of failure. Pairing with Virtual Machine Scale Sets can provide additional scalability.","5B132EBC-BD86-46FC-B2EE-95BC3E2D3017","resources
| where type =~ 'Microsoft.Network/loadBalancers'
| mv-expand bpool = properties.backendAddressPools
| extend BackendAddresses = array_length(bpool.properties.loadBalancerBackendAddresses)
| where BackendAddresses <= 1
| project id, subscriptionId",FALSE,"Uses mv-expand and array_length"
"HighAvailability","High","MICROSOFT.WEB/SITES","Set minimum instance count for App Service to 2","App Service should be configured with a minimum of two instances for production workloads. If apps have a longer warm-up time, a minimum of three instances should be used.","E987DCCE-FD2C-4683-8ABF-F1A34BBAD737","resources
| where type == ""microsoft.web/serverfarms""
| where sku.capacity < 2
| project id, subscriptionId",TRUE,""
"HighAvailability","High","MICROSOFT.SERVICEBUS/NAMESPACES","Set up Geo-replication for Service Bus namespace","Set up Geo-replication on Premium Service Bus namespaces to ensure high availability and regional failover. This new feature replicates both metadata and data, helping protect against outages and disasters for mission-critical workloads.","15A7E73B-943E-4CF5-847D-F54ED39C33F1","Resources
| where type == ""microsoft.servicebus/namespaces""
| where sku.tier == ""Premium""
| where array_length(properties.geoDataReplication.locations) == 1
| project id, subscriptionId",FALSE,"Uses array_length"
"HighAvailability","High","MICROSOFT.WEB/SITES","Upgrade PHP to a newer, supported version","Extended support for PHP 8.1 is ending. Apps hosted on App Service continue to run. Future security updates aren't available. The platform no longer provides customer service for PHP 8.1.","42702F7A-06AF-4CCA-80B6-6B058E22B12F","resources | where type contains 'microsoft.web/sites' and tostring(properties.siteProperties.properties) contains 'LinuxFxVersion' and ['kind'] !contains 'functionapp' and tostring(properties.siteProperties.properties) contains 'PHP|8.1' | project id, subscriptionId",FALSE,"LinuxFxVersion is in /config/web, not in the base ARM resource response"
"HighAvailability","High","MICROSOFT.NETWORK/TRAFFICMANAGERPROFILES","Traffic Manager monitor status should be online","Monitor status should be online to ensure failover for application workload. If Traffic Manager's health shows degraded, one or more endpoints may also be degraded.","20F2FF6A-3940-4CC9-8F14-909466C4DDD0","resources
| where type == 'microsoft.network/trafficmanagerprofiles'
| mv-expand properties.endpoints
| where properties_endpoints.properties.endpointMonitorStatus != 'Online'
| project id, subscriptionId",FALSE,"Uses mv-expand on endpoints"
"HighAvailability","High","MICROSOFT.DOCUMENTDB/DATABASEACCOUNTS","Evaluate multi-region write capability in Azure Cosmos DB","Multi-region writes enable high availability but require careful consistency and conflict resolution. Using Bounded Staleness is an anti-pattern, as replication lag increases latency and coordination overhead. This setup undermines scalability, impacting performance and availability.","A2002089-9DD1-46B6-881C-D0F349515230","resources
| where type =~ 'Microsoft.DocumentDb/databaseAccounts'
| where    array_length(properties.locations) > 1 and    properties.enableMultipleWriteLocations == false
| extend defaultConsistencyLevel = tostring(properties.consistencyPolicy.defaultConsistencyLevel)
| where defaultConsistencyLevel !in ('Strong', 'BoundedStaleness')
| project id, subscriptionId",FALSE,"Uses array_length"
"HighAvailability","High","MICROSOFT.SQL/MANAGEDINSTANCES","Support for TLS 1.0 and TLS 1.1 in Azure SQL Managed Instance is ending","Upgrade TLS to latest version. Support for TLS 1.0 and TLS 1.1 in Azure SQL Managed Instance is ending.","2ED2B058-8BF0-459D-9674-6FDF8E39E11A","resources|where type =~ 'microsoft.sql/managedinstances' and properties['minimalTlsVersion'] in ('None', '1.0','1.1')|project id, subscriptionId",TRUE,""
"HighAvailability","High","MICROSOFT.WEB/STATICSITES","Migrate to Static Web Apps Standard pricing plan or to Azure Container Apps","Static Web Apps Dedicated pricing plan is retiring. Migrate deployments that use the Dedicated pricing plan to the Static Web Apps Standard pricing plan or to Azure Container Apps.","92B2F593-B118-4655-9DCB-20137B13F790","resources
|where type =~ 'microsoft.web/staticsites' and tostring(sku.name) =~ 'Dedicated'|project id,subscriptionId",TRUE,""
"HighAvailability","High","MICROSOFT.COMPUTE/VIRTUALMACHINES","Review and migrate virtual machine workloads","Azure Virtual Machine (VM) series F, Fs, Fsv2, Lsv2, G, Gs, Av2, and B are retiring. The VM series are no longer available for use or purchase. Applications and workloads currently operating on VM types must be migrated to newer VM series.","13CEA0F1-C3F7-4C66-8B3B-9928A0F07CEA","resources | where type =~ 'microsoft.compute/virtualmachines' | where tostring(properties.hardwareProfile.vmSize) startswith 'Standard_Lsv2' or tostring(properties.hardwareProfile.vmSize) startswith 'Standard_GS' or tostring(properties.hardwareProfile.vmSize) startswith 'Standard_G' or tostring(properties.hardwareProfile.vmSize) startswith 'Standard_Fsv2' or tostring(properties.hardwareProfile.vmSize) startswith 'Standard_Fs' or  tostring(properties.hardwareProfile.vmSize) startswith 'Standard_F' or tostring(properties.hardwareProfile.vmSize) startswith 'Standard_B' or tostring(properties.hardwareProfile.vmSize) startswith 'Standard_Av2' | project id,subscriptionId",TRUE,""
"HighAvailability","High","MICROSOFT.KUBERNETES/CONNECTEDCLUSTERS","Migrate to Azure Kubernetes Service on Azure Local","Migrate to Azure Kubernetes Service on Azure Local for enhanced capabilities. The platform recommends migrating to Azure Kubernetes Service on Azure Local for improved features.","7E161911-FA97-4D8C-88A0-D7C4B9432EB0","resources | where type =~ 'microsoft.kubernetes/connectedclusters' | where properties['distribution'] in ('aks_management','aks_workload') | where properties['infrastructure'] contains 'vSphere' | where properties['kind'] !~ ('ProvisionedCluster') | project id, subscriptionId",TRUE,""
"OperationalExcellence","High","MICROSOFT.NETWORK/EXPRESSROUTEPORTS","Enable Admin State for both links of the ExpressRoute Direct","In Azure ExpressRoute Direct, the Admin State specifies the administrative status of the layer 1 link as Enabled or Disabled. The Admin State is the same as turning the physical port on or off. Billing begins when Admin State for either link is set to Enabled.","88ECF03E-51DC-4AA4-9A4D-2EE48C407F56","resources | where type == 'microsoft.network/expressrouteports' | where properties['links'][0]['properties']['adminState'] == 'Disabled' or properties['links'][1]['properties']['adminState'] == 'Disabled' | project id, subscriptionId",TRUE,""
"HighAvailability","High","MICROSOFT.KEYVAULT/VAULTS","Key vaults should have soft delete enabled","Key Vault's soft-delete feature enables recovery of deleted vaults and objects like keys, secrets, and certificates. When enabled, marked resources are retained for 90 days, allowing for their recovery, essentially undoing deletion.","BF63F2B0-B0E2-4F9D-AEB5-E0F18E5FDED2","resources | where type == 'microsoft.keyvault/vaults' | where isnull(properties.enableSoftDelete) or properties.enableSoftDelete != 'true' | project id, subscriptionId",TRUE,""
"HighAvailability","High","MICROSOFT.DBFORPOSTGRESQL/FLEXIBLESERVERS","Enable custom maintenance schedule","Use custom maintenance schedule on flexible server instances to select a preferred time for service updates to be applied.","435EB1E9-260B-4A99-BCD8-F13D7FBF624C","resources
| where type == 'microsoft.dbforpostgresql/flexibleservers'
| where properties.maintenanceWindow.customWindow != 'Enabled'
| project recommendationId = 'b2bad57d-7e03-4c0f-9024-597c9eb295bb', name, id, tags, param1 = strcat('customWindow:', properties['maintenanceWindow']['customWindow'])",TRUE,""
"HighAvailability","High","MICROSOFT.SQL/MANAGEDINSTANCES","Use Zone-redundant or Geo-zone-redundant Backup storage redundancy","Configuring zone redundancy option for backups copies your backup file synchronously across three Azure availability zones in the primary region. If Geo is selected, then it copies your data asynchronously three times to a single physical location in the paired secondary region.","2DD4AA4B-C178-4776-BCE8-51408F39C344","resources
| where type =~ 'Microsoft.Sql/managedInstances'
| extend backupredundancy=properties.storageAccountType
| extend ServiceTier = sku.tier
| where backupredundancy != 'GeoZone'
| project recommendationId='15e2712c-f3ea-4a8d-9081-11e822b1ccfb', name, id, param1=strcat('Service Tier:', ServiceTier), param2=strcat('Backup Redundancy:', backupredundancy)",TRUE,""
"HighAvailability","High","MICROSOFT.CONTAINERSERVICE/MANAGEDCLUSTERS","Upgrade Persistent Volumes using in-tree drivers to Azure CSI drivers","From Kubernetes 1.26, Azure Disk and Azure File in-tree drivers are deprecated in favor of CSI drivers. Existing deployments remain operational but untested; users should switch to CSI drivers for new features and SKUs.","21DC7D8E-AA59-44A6-9A2E-EA69305494F7","resources
| where type =~ 'Microsoft.ContainerService/managedClusters'
| where properties.storageProfile.diskCSIDriver.enabled != true or
        properties.storageProfile.fileCSIDriver.enabled != true or
        properties.storageProfile.blobCSIDriver.enabled != true
| project recommendationId = 'b002c030-72e6-4a37-8217-1cb276c43169', name, id, tags",TRUE,""
"HighAvailability","High","MICROSOFT.AAD/DOMAINSERVICES","Use replica sets for resiliency or geolocation in Microsoft Entra Domain Services","To improve the resiliency of a Microsoft Entra Domain Services managed domain, or deploy to additional geographic locations close to your applications, you can use replica sets. You can add a replica set to any peered virtual network in any Azure region that supports Domain Services.","FC5BCFB2-8986-423C-92CF-2BA4D5581E61","resources
| where type == 'microsoft.aad/domainservices'
| extend replicaSets = properties.replicaSets
| where array_length(replicaSets) < 2
| project recommendationId='a3058909-fcf8-4450-88b5-499f57449178', name=name, id=id, tags=tags, param1=strcat('replicaSetLocation:', replicaSets[0].location)",FALSE,"Uses array_length"
"HighAvailability","High","MICROSOFT.AAD/DOMAINSERVICES","Use at least the Enterprise SKU","You need to use a minimum of Enterprise SKU for your managed domain to support replica sets.","B2EFC174-4EF4-46E4-8F93-0BF6FA7E5DB8","resources
| where type == 'microsoft.aad/domainservices'
| extend sku = properties.sku
| where sku =~ 'Standard'
| project recommendationId='bb6deb9d-24fa-4ee8-bc23-ac3ebc7fdf8e', name=name, id=id, tags=tags, param1=strcat('SKU:', sku)",TRUE,""
"HighAvailability","High","MICROSOFT.APIMANAGEMENT/SERVICE","Azure API Management platform version should be stv2","stv1 instances were deprecated on August 31, 2024. If not migrated to stv2 by then, auto-migration will occur. In some cases, due to technical limitations, services may be shut down in March 2025.","5FA46114-BC35-472B-8DCE-12A60B141804","resources
| where type =~ 'Microsoft.ApiManagement/service'
| extend plat_version = properties.platformVersion
| extend skuName = sku.name
| where tolower(plat_version) == tolower('stv1')
| project recommendationId = 'e35cf148-8eee-49d1-a1c9-956160f99e0b', name, id, tags, param1=strcat('Platform Version: ', plat_version) , param2=strcat('SKU: ', skuName)",TRUE,""
"HighAvailability","High","MICROSOFT.COMPUTE/VIRTUALMACHINESCALESETS","Disable Force strictly even balance across zones to avoid scale in and out fail attempts","Microsoft advises disabling strictly even VM instance distribution across Availability Zones in VMSS to improve scalability and flexibility, noting that uneven distribution may better serve application load demands despite the potential trade-off in resilience.","4BF5BCDC-2045-439E-A140-9FD9589B5CFD","resources
| where type == 'microsoft.compute/virtualmachinescalesets'
| where properties.orchestrationMode == 'Uniform' and properties.zoneBalance == true
| project recommendationId = 'b5a63aa0-c58e-244f-b8a6-cbba0560a6db', name, id, tags, param1 = 'strictly zoneBalance: Enabled'
| order by id asc",TRUE,""
"HighAvailability","High","MICROSOFT.NETAPP/NETAPPACCOUNTS/CAPACITYPOOLS/VOLUMES","Use availability zones for high availability in Azure NetApp Files","Availability zones are distinct locations within an Azure region to withstand local failures. Deploy your workload in multiple availability zones and use application-based replication or Azure NetApp Files cross-zone replication to achieve high availability. Note that failover is a manual process.","08B04F67-7590-455B-B42D-6F60D69AEAB6","resources
| where type =~ 'Microsoft.NetApp/netAppAccounts/capacityPools/volumes'
| where location in~ ('australiaeast', 'brazilsouth', 'canadacentral', 'centralindia', 'centralus', 'eastasia', 'eastus', 'eastus2', 'francecentral', 'germanywestcentral', 'israelcentral', 'italynorth', 'japaneast', 'japanwest', 'koreacentral', 'mexicocentral', 'newzealandnorth', 'northeurope', 'norwayeast', 'polandcentral', 'qatarcentral', 'southafricanorth', 'southcentralus', 'southeastasia', 'spaincentral', 'swedencentral', 'switzerlandnorth', 'uaenorth', 'uksouth', 'westeurope', 'westus2', 'westus3', 'usgovvirginia', 'chinanorth3')
| where array_length(zones) == 0 or isnull(zones)
| project recommendationId = '47d100a5-7f85-5742-967a-67eb5081240a', name, id, tags",FALSE,"Uses array_length"
"HighAvailability","High","MICROSOFT.KUBERNETESCONFIGURATION/EXTENSIONS","Migrate to Azure Container Apps on Arc-enabled Kubernetes","Azure App Service on Azure Arc-enabled Kubernetes is retiring. Installation of the Application Services extension is no longer available.","51B9EF93-332D-4438-B1BA-851A6EAE2E67","resources | where type =~ 'microsoft.web/kubeenvironments' | project id,subscriptionId",TRUE,""
"HighAvailability","High","MICROSOFT.SQL/MANAGEDINSTANCES","Migrate Azure Monitor SCOM Managed Instance to System Center Operations Manager or Azure Monitor","Migrate monitoring workloads using Azure Monitor SCOM Managed Instance to supported alternatives based on environment type.","CDBEF351-5BBA-4639-ABCD-34B594310B97","resources | where type =~ ""microsoft.scom/managedinstances"" | project id, subscriptionId",TRUE,""
"HighAvailability","High","MICROSOFT.COGNITIVESERVICES/ACCOUNTS","Migrate away from Azure AI Health Insights service","Azure AI Health Insights, Clinical Trials Matcher model, and Radiology Insights model are retiring. Azure AI Health Insights, Clinical Trials Matcher model, and Radiology Insights model are no longer available for use or integration.","35C12AD3-0E52-45CD-BF53-16777B0F6A34","resources | where type =~ 'microsoft.cognitiveservices/accounts' and kind =~ 'HealthInsights' | project id, subscriptionId",TRUE,""
"HighAvailability","High","MICROSOFT.COMPUTE/VIRTUALMACHINES","Migrate to the newer VM series in the same NC product line","Standard_NC24rs_v3 virtual machine size in NCv3-series virtual machines is retiring. Upgrade to the newer VM series in the same NC product line.","81076CD9-E656-4B1A-862B-63F2F40CAA87","resources | where type contains 'microsoft.compute/virtualmachine' and (tostring(properties.hardwareProfile.vmSize) in~ ('Standard_NC24s_v3')  or tostring(sku.name) in~ ('Standard_NC24s_v3')) | project id, subscriptionId",TRUE,""
"HighAvailability","High","MICROSOFT.SQL/SERVERS","Migrate to TLS 1.2 or above for SQL databases","Support for TLS 1.0 and 1.1 on Azure SQL db is retiring. Update the TLS policy to the latest version","8EFF5550-A532-452B-88DD-F4032156DA2F","resources | where type =~ 'microsoft.sql/servers' and properties['minimalTlsVersion'] in~ ('None','1.0', '1.1') | project id, subscriptionId",TRUE,""
"HighAvailability","High","MICROSOFT.NETWORK/APPLICATIONGATEWAYS","Migrate to TLS 1.2 or above for Application Gateway","Support for TLS 1.0 and 1.1 on Azure Application Gateway is retiring. Update the TLS policy for Application Gateway to the latest version.","A7ECAAAA-DC86-444B-8AAD-E0773D5C2324","resources | where type =~ 'microsoft.network/applicationgateways' and (properties['sslPolicy']['minProtocolVersion'] != 'TLSv1_2' and ​properties['sslPolicy']['minProtocolVersion'] != 'TLSv1_3'​ and properties['sslPolicy']['policyName'] !contains '2022' and properties['sslPolicy']['policyName'] !contains '401S' and properties['defaultPredefinedSslPolicy'] !contains '2022') | project id, subscriptionId",FALSE,"Contains a zero-width space (U+200B) character"
"HighAvailability","High","MICROSOFT.WEB/SITES","Upgrade apps to Python 3.10","Extended support for Python 3.9 is retiring. Apps that are hosted on App Service will continue to run, but security updates and customer support will no longer be available","14F2B661-8B62-4E1E-9020-6AE63CE9E354","resources | where type contains 'microsoft.web/sites' and tostring(properties.siteProperties.properties) contains 'LinuxFxVersion' and ['kind'] !contains 'functionapp' and tostring(properties.siteProperties.properties) contains 'PYTHON|3.9' | project id, subscriptionId",FALSE,"LinuxFxVersion is in /config/web, not in the base ARM resource response"
"HighAvailability","High","MICROSOFT.APIMANAGEMENT/SERVICE","Migrate to TLS 1.2 or above for API Management","Support for TLS 1.0 and 1.1 on API Management is retiring. Update the TLS policy to the latest version.","18D79D0B-6A10-49F7-A0E4-F6B3B6F9C9B1","resources | where type == 'microsoft.apimanagement/service' and (properties.customProperties.['Microsoft.WindowsAzure.ApiManagement.Gateway.Security.Backend.Protocols.Tls10'] =~ 'true' or properties.customProperties.['Microsoft.WindowsAzure.ApiManagement.Gateway.Security.Backend.Protocols.Tls11'] =~ 'true' or properties['customProperties']['Microsoft.WindowsAzure.ApiManagement.Gateway.Security.Protocols.TLS10'] =~ 'true' or properties['customProperties']['Microsoft.WindowsAzure.ApiManagement.Gateway.Security.Protocols.Tls11'] =~ 'true') | project id, subscriptionId",TRUE,""
"HighAvailability","High","MICROSOFT.COGNITIVESERVICES/ACCOUNTS","Migrate to conversational language understanding","Language Understanding (LUIS) is retiring. Migrate to conversational language understanding, a capability of Azure AI Service for Language.","2B8347D8-BD08-4046-892D-8844F741B8B2","resources | where type =~ 'microsoft.cognitiveservices/accounts' and kind contains 'LUIS' | project id, subscriptionId",TRUE,""
"HighAvailability","High","MICROSOFT.AAD/DOMAINSERVICES","Migrate to TLS 1.2 or above for Entra domain services","Support for TLS 1.0 and 1.1 on Entra domain services is retiring. Update the TLS policy to the latest version.","E756137A-CE78-4586-A777-1059CB9D14C5","resources | where type =~ 'microsoft.aad/domainservices' and properties.domainSecuritySettings.tlsV1 =~ 'Enabled' | project id, subscriptionId",TRUE,""
"HighAvailability","High","MICROSOFT.COMPUTE/VIRTUALMACHINESCALESETS","Migrate to Windows Server 2022","Kubernetes workloads will no longer be supported with Windows Server 2019 when Kubernetes version 1.32 reaches End of Life (EOL).","98680FF0-2723-4C8B-9AF4-54CE8A3A82D1","resources | where type =~ 'microsoft.compute/virtualmachinescalesets' and tags contains 'aks-managed' and tostring(properties.virtualMachineProfile.storageProfile.imageReference.id) contains 'AKSWindows/images/windows-2019' | project id, subscriptionId",FALSE,"tostring() on complex objects"
"HighAvailability","High","MICROSOFT.STORAGE/STORAGEACCOUNTS","Support for TLS 1.0 and TLS 1.1 in Azure storage accounts is ending","Upgrade TLS to latest version. Support for TLS 1.0 and TLS 1.1 in Azure storage accounts is ending.","CED5FA9F-B5BF-4982-9F25-8190FB36DFCA","resources|where  type == 'microsoft.storage/storageaccounts' and (isempty(properties['minimumTlsVersion']) or properties['minimumTlsVersion'] in ('TLS1_0', 'TLS1_1'))|project id, subscriptionId",TRUE,""

